Nazione,CodNazione,Anno,"Adolescent fertility rate (births per 1,000 women ages 15-19)","Agriculture, forestry, and fishing, value added (% of GDP)","Annual freshwater withdrawals, total (% of internal resources)",Births attended by skilled health staff (% of total),"Contraceptive prevalence, any method (% of married women ages 15-49)",Domestic credit provided by financial sector (% of GDP),Electric power consumption (kWh per capita),Energy use (kg of oil equivalent per capita),Exports of goods and services (% of GDP),"External debt stocks, total (DOD, current US$)","Fertility rate, total (births per woman)","Foreign direct investment, net inflows (BoP, current US$)",Forest area (sq. km),GDP (current US$),GDP growth (annual %),"GNI per capita, Atlas method (current US$)","GNI per capita, PPP (current international $)","GNI, Atlas method (current US$)","GNI, PPP (current international $)",Gross capital formation (% of GDP),High-technology exports (% of manufactured exports),"Immunization, measles (% of children ages 12-23 months)",Imports of goods and services (% of GDP),Income share held by lowest 20%,"Industry (including construction), value added (% of GDP)","Inflation, GDP deflator (annual %)","Life expectancy at birth, total (years)",Merchandise trade (% of GDP),Military expenditure (% of GDP),Mobile cellular subscriptions (per 100 people),"Mortality rate, under-5 (per 1,000 live births)",Net barter terms of trade index (2015 = 100),Net migration,Net official development assistance and official aid received (current US$),"Personal remittances, received (current US$)",Population density (people per sq. km of land area),Population growth (annual %),"Population, total",Poverty headcount ratio at $2.15 a day (2017 PPP) (% of population),Poverty headcount ratio at national poverty lines (% of population),"Prevalence of HIV, total (% of population ages 15-49)","Prevalence of underweight, weight for age (% of children under 5)","Primary completion rate, total (% of relevant age group)","Revenue, excluding grants (% of GDP)","School enrollment, primary (% gross)","School enrollment, primary and secondary (gross), gender parity index (GPI)","School enrollment, secondary (% gross)",Surface area (sq. km),Tax revenue (% of GDP),Terrestrial and marine protected areas (% of total territorial area),Time required to start a business (days),"Total debt service (% of exports of goods, services and primary income)",Urban population growth (annual %)
Argentina,ARG,2014,66.613,6.713,12.908,99.6,,34.432,3049.363,2013.194,14.405,156380868988,2.312,5065335542,293204,526319673732,-2.513,12240,19090,526784533342,821243666294,17.263,7.061,95.0,14.001,5.0,24.277,40.283,77,25.486,0.878,143,12.2,104.744,5794,48790001,505346892,15.721,1.032,43024071,0.6,,0.4,,105.393,22.332,113.962,1.031,106.092,2780400,12.611,,24,20.17,1.172
Argentina,ARG,2015,63.879,5.157,12.908,99.6,,40.428,,,10.706,187972586466,2.301,11758994011,290970,594749285413,2.731,12500,19530,543279945585,848959683417,17.071,9.226,89.0,11.781,,23.153,26.58,77,19.67,0.85,143,11.8,100.0,5464,-18870001,494433532,15.887,1.047,43477012,,,0.4,,106.053,22.149,113.778,1.028,107.549,2780400,12.337,,24,24.734,1.185
Argentina,ARG,2016,58.79,6.265,12.908,98.4,,37.932,,,12.527,191717702191,2.241,3260164342,290100,557532320663,-2.08,12130,19660,532504167160,863207236895,17.663,8.982,90.0,13.567,4.9,22.054,41.119,76,20.405,0.813,146,11.4,106.082,5215,2620000,391579048,16.041,0.969,43900313,0.7,30.3,0.4,,106.544,21.257,112.944,1.021,109.646,2780400,12.097,7.529,24,35.883,1.104
Argentina,ARG,2017,55.022,5.232,12.908,93.9,,38.868,,,11.32,236683642186,2.168,11516861462,288990,643628393281,2.819,13070,22790,578798149501,1009263951778,18.213,9.205,89.0,13.969,5.0,21.782,26.006,77,19.511,0.856,141,11.0,103.008,4931,-1170000,479937460,16.183,0.881,44288894,0.6,25.7,0.4,,101.582,19.337,111.681,1.02,110.412,2780400,10.94,7.405,24,51.73,1.014
Argentina,ARG,2018,49.926,4.538,12.908,99.5,,,,,14.437,296726558406,2.039,11716769819,287910,524819892360,-2.617,12390,23540,553193024104,1051149861699,16.614,5.403,94.0,16.326,4.9,23.72,42.034,77,24.249,0.732,132,10.6,104.242,5742,73220001,522441503,16.317,0.823,44654882,1.0,32.0,0.4,2.0,100.282,17.702,111.546,1.021,109.697,2780400,9.992,7.405,11,51.549,0.955
Argentina,ARG,2019,41.751,5.319,12.908,99.6,,,,,17.925,299354360388,1.994,6649187838,286810,447754683615,-2.001,11210,22590,504056284871,1016089122556,14.21,5.213,86.0,14.706,4.6,23.158,49.196,77,25.514,0.7,126,10.3,103.336,5397,8890000,561398445,16.434,0.711,44973465,1.1,35.5,0.4,,100.383,18.736,111.365,1.021,110.499,2780400,10.594,9.393,12,51.1,0.843
Argentina,ARG,2020,31.492,6.357,12.908,98.8,70.1,,,,16.605,275474929879,1.911,4884127676,285730,385740508437,-9.9,9040,21790,408628794999,984724060445,14.415,6.904,77.0,13.598,4.7,22.409,40.083,76,25.209,0.734,122,10.0,103.975,292,101730003,648090050,16.513,0.485,45191965,1.2,42.0,0.4,,103.838,17.479,110.618,1.024,112.417,2780400,10.866,9.398,,43.098,0.615
Argentina,ARG,2021,28.54,7.291,12.908,,,,,,18.067,266759890414,1.885,6658049679,284637,486564085480,10.442,10070,25770,456257174738,1167816126453,18.076,4.423,86.0,15.012,5.0,23.499,53.802,75,29.003,0.631,130,9.7,113.899,314,155259995,902789422,16.557,0.266,45312281,0.9,37.3,0.4,,105.48,18.076,110.156,,116.559,2780400,11.5,9.398,,31.025,0.394
Argentina,ARG,2022,25.767,6.638,,,,,,,16.248,266900361822,1.876,15200600518,283552,632790070063,5.27,11820,29050,536800679799,1319279474947,17.28,4.752,85.0,15.3,5.4,24.008,69.876,76,26.86,0.411,132,9.4,,5589,384070007,1056459896,16.592,0.211,45407904,0.6,39.2,0.4,,103.232,17.927,108.722,,115.435,2780400,11.123,9.553,,33.259,0.339
Australia,AUS,2014,13.072,2.221,3.753,99.8,,,10071.399,5334.682,21.088,,1.826,63204516348,1323848,1468265356428,2.595,65220,45680,1531110933521,1072277311567,26.727,18.996,94.0,21.396,7.6,25.565,1.405,82,32.51,1.773,107,4.0,111.329,200177,,2329656677,3.056,1.492,23475686,0.5,,0.1,,,24.363,105.462,,,7741220,21.898,,2,,1.608
Australia,AUS,2015,12.038,2.376,1.874,98.8,,,,5483.816,20.066,,1.814,46892808568,1330945,1351296372254,2.19,60520,45330,1441462730286,1079597418998,26.274,19.692,95.0,21.598,,23.681,-0.624,82,29.319,1.954,108,3.9,100.0,212350,,2174651380,3.1,1.439,23815995,,,0.1,,,24.509,101.665,0.925,159.111,7741220,21.874,,2,,1.555
Australia,AUS,2016,10.939,2.406,2.159,98.8,66.9,,,,19.279,,1.752,42970225978,1340372,1206836962282,2.759,54100,46140,1308840699663,1116133022930,25.448,20.628,95.0,21.695,7.5,22.32,-0.663,82,32.214,2.089,110,3.8,99.866,254648,,2056844753,3.145,1.562,24190907,0.5,,0.1,,,24.863,101.181,0.925,155.594,7741220,22.276,28.592,2,,1.677
Australia,AUS,2017,10.235,2.706,2.451,99.4,,,,,21.257,,1.741,48199372040,1340174,1325582658157,2.28,51480,47040,1266055498561,1156953422314,24.176,18.097,94.0,20.947,,23.474,3.653,82,34.695,2.004,108,3.8,116.395,255023,,2001928453,3.197,1.647,24592588,,,0.1,,,24.842,100.638,0.938,153.576,7741220,22.11,29.709,2,,1.768
Australia,AUS,2018,9.741,2.46,2.506,98.7,,,,,21.894,,1.74,60686639530,1340051,1427809041019,2.878,53080,48600,1324951828019,1213204815279,24.646,18.137,94.0,21.842,7.4,24.124,1.869,83,34.492,1.896,111,3.8,118.572,226412,,1867930551,3.245,1.496,24963258,0.5,,0.1,,,25.843,100.399,0.969,136.106,7741220,23.208,29.709,2,,1.622
Australia,AUS,2019,8.763,2.116,2.146,98.8,,,,,24.16,,1.657,38745129661,1340051,1392723834563,2.172,54890,50900,1390620135689,1289553627781,23.391,21.22,94.0,22.028,,25.272,3.468,83,35.367,1.881,110,3.8,130.226,207142,,1762645595,3.294,1.477,25334826,,,0.1,,,26.076,100.2,0.964,144.057,7741220,23.408,29.709,2,,1.608
Australia,AUS,2020,7.726,2.012,1.762,96.0,,,,,24.027,,1.581,17976843681,1340051,1328414058378,-0.12,53630,52760,1375516610057,1353335014949,22.428,21.476,93.0,20.638,,25.386,1.886,83,34.827,2.011,105,3.8,131.203,44447,,1197283915,3.335,1.233,25649248,,,0.1,,,25.282,99.901,0.979,137.491,7741220,22.591,30.396,,,1.369
Australia,AUS,2021,7.089,2.304,2.325,,,,,,22.057,,1.7,31518948093,1340051,1556735770437,2.111,57180,56680,1468717768493,1455812627101,22.937,22.394,93.0,18.246,,25.421,3.08,83,38.929,1.989,105,3.8,163.692,116768,,936423063,3.339,0.141,25685412,,,0.1,,,25.693,99.929,,135.527,7741220,23.061,32.12,,,0.281
Australia,AUS,2022,6.747,2.673,,,,,,,25.532,,1.63,70364982117,1340051,1690858246994,4.242,60710,62800,1579305202101,1633744984932,23.768,25.832,96.0,20.29,,27.483,7.176,83,42.693,1.899,107,3.8,,140972,,1307030459,3.382,1.273,26014399,,,,,,26.205,99.133,,133.277,7741220,23.628,32.12,,,1.418
Brazil,BRA,2014,63.365,4.326,1.149,98.4,,,2655.035,1515.563,11.012,556919631072,1.767,87713983217,5054240,2456043727199,0.504,12280,15530,2457007358840,3107797557672,20.548,12.371,97.0,13.673,3.6,20.472,7.847,74,18.798,1.33,138,16.3,113.189,-145732,914150024,2647908513,23.939,0.806,200085127,3.3,,0.5,,,27.372,110.316,1.018,102.636,8515770,13.49,,84,22.948,1.138
Brazil,BRA,2015,61.779,4.319,1.128,98.2,,,,,12.9,543397356310,1.777,64738153494,5038848,1802212206905,-3.546,10330,14540,2084247076853,2932875379050,17.412,14.486,96.0,14.053,3.6,19.36,7.566,74,20.377,1.366,126,15.9,100.0,-173611,1003190002,2896909952,24.129,0.792,201675532,3.9,,0.5,,,29.251,109.152,1.015,100.921,8515770,13.63,,86,39.779,1.116
Brazil,BRA,2016,58.372,4.891,1.171,98.6,,,,,12.467,543257228545,1.709,74294627801,5020821,1795693482653,-3.276,9050,14010,1839991782314,2846197824607,14.97,16.0,95.0,12.067,3.3,18.355,8.104,74,18.086,1.348,118,16.7,102.371,-92989,674630005,2739786527,24.314,0.762,203218114,4.7,,0.5,,,29.67,108.758,1.009,102.57,8515770,13.71,20.737,82,51.055,1.079
Brazil,BRA,2017,56.558,4.601,1.16,98.7,,,,,12.519,543000470111,1.736,68885491315,5000916,2063514977334,1.323,8830,14290,1808496550031,2924570810530,14.626,14.312,87.0,11.801,3.2,18.189,3.671,75,18.456,1.414,106,15.3,108.236,-156296,273869995,2698770651,24.492,0.728,204703445,5.3,,0.5,,,27.825,109.809,1.005,103.016,8515770,13.605,28.578,82,34.768,1.038
Brazil,BRA,2018,54.287,4.42,1.175,98.8,,,,,14.635,557765380775,1.749,78183840045,4990514,1916933898038,1.784,9320,15030,1920050002130,3098565570921,15.095,14.744,92.0,14.241,3.1,18.749,4.494,75,22.157,1.47,100,15.0,106.882,-230334,444970001,2933489276,24.659,0.683,206107261,5.3,,0.5,,,28.583,108.623,1.007,105.007,8515770,13.94,28.578,20,33.309,0.984
Brazil,BRA,2019,50.958,4.205,1.191,98.4,,,,,14.123,568708887352,1.703,69174411753,4977985,1873288205186,1.221,9410,15640,1953066789010,3244270827746,15.517,14.067,91.0,14.767,3.1,18.755,4.224,75,22.116,1.383,95,14.8,107.037,-129216,272500000,3213621677,24.821,0.652,207455459,5.4,,0.5,3.5,,29.152,107.407,1.01,103.953,8515770,13.738,28.578,17,53.47,0.946
Brazil,BRA,2020,47.46,5.711,1.187,98.4,,,,,16.454,549325935898,1.649,38270116307,4966196,1476107231194,-3.277,8080,15770,1686362765402,3289682051502,16.116,11.35,79.0,15.849,4.5,19.506,6.472,74,25.44,1.327,97,14.5,107.674,-78437,612539978,3566219438,24.965,0.579,208660842,2.0,,0.6,,,25.699,105.498,1.006,104.126,8515770,12.719,29.237,,50.353,0.866
Brazil,BRA,2021,45.67,6.559,1.189,,,,,,19.109,571530916150,1.641,46440503520,4953914,1670647399035,4.763,8060,17510,1689214340415,3669595695972,19.522,9.002,73.0,18.547,3.3,22.123,13.047,73,30.857,1.164,102,14.3,123.231,-208581,1114540039,4102018148,25.071,0.425,209550294,5.8,,0.6,,,27.327,103.472,,106.652,8515770,14.137,29.256,,46.725,0.705
Brazil,BRA,2022,42.881,5.767,,,,,,,19.631,579468087189,1.626,74606361830,4941960,1951923942083,3.017,8450,19330,1776651444579,4064426514693,18.088,9.111,81.0,19.185,3.6,22.819,8.57,73,32.09,1.053,99,14.0,,-253639,577010010,4973758735,25.162,0.36,210306415,3.5,,0.6,,,29.616,103.97,,106.031,8510418,14.726,29.256,,29.916,0.632
China,CHN,2014,12.049,8.643,21.096,99.9,,,3905.318,2224.355,23.51,1778380562696,1.769,268097181064,2083575,10475624944355,7.426,7470,12720,10246590034899,17445351113072,45.824,29.704,99.0,21.395,6.2,43.086,1.031,77,41.062,1.738,93,11.5,89.642,-371108,-947070007,29910500593,146.126,0.63,1371860000,1.7,7.2,,,,15.818,97.949,1.009,,9562911,9.679,,31,3.02,2.953
China,CHN,2015,10.887,8.387,21.039,99.9,,,,,21.354,1333768986064,1.67,242489331627,2102942,11061572618579,7.041,7890,13140,10883162711702,18129538824739,43.235,30.431,99.0,18.11,6.4,40.841,-0.003,77,35.737,1.777,93,10.7,100.0,-646941,-306290009,33104675862,146.978,0.581,1379860000,0.6,5.7,,,,16.043,97.154,1.012,,9562911,9.377,,31,4.903,2.843
China,CHN,2016,10.747,8.057,21.473,99.9,,,,,19.584,1413904270463,1.772,174749584584,2124599,11233313730349,6.849,8210,13810,11387926589493,19169812362362,42.631,30.255,99.0,17.31,6.5,39.581,1.407,77,32.809,1.769,97,9.9,99.778,-153056,-791429993,26883278894,147.823,0.573,1387790000,0.1,4.5,,,,15.63,97.391,1.01,,9562910,9.123,15.939,29,6.919,2.776
China,CHN,2017,10.236,7.464,21.196,,84.5,,,,19.692,1710819944232,1.813,166083755722,2143395,12310491333981,6.947,8670,14730,12104947880655,20567696024680,43.013,30.912,99.0,17.94,6.4,39.852,4.233,77,33.363,1.711,104,9.2,94.338,-94625,-989940002,28675983092,148.72,0.605,1396215000,0.0,3.1,,,,15.883,97.922,1.013,,9562910,9.419,14.588,25,7.587,2.74
China,CHN,2018,8.691,7.043,21.078,,,,,,19.112,1961562462977,1.554,235365050036,2162190,13894907857881,6.75,9540,15940,13385454878143,22355235407454,43.793,31.548,99.0,18.454,6.5,39.687,3.5,78,33.267,1.674,116,8.6,91.452,-198206,-705270020,24305605211,149.417,0.468,1402760000,0.0,1.7,,,,16.536,98.17,1.014,,9562910,9.053,14.588,9,8.253,2.503
China,CHN,2019,8.277,7.144,21.406,,,,,,18.41,2114161989828,1.496,187169822365,2180986,14279968506272,5.951,10310,17210,14512888852526,24232656456410,43.251,30.819,99.0,17.48,6.7,38.587,1.287,78,32.058,1.683,123,8.0,92.668,-656091,-608580017,18294313104,149.948,0.355,1407745000,0.0,0.6,,,,16.101,98.235,1.015,,9562910,8.493,14.736,9,9.495,2.29
China,CHN,2020,6.737,7.699,20.21,,,,,,18.586,2326232537962,1.281,253095616059,2199782,14687744162801,2.239,10520,17750,14843775282281,25044516316642,43.367,31.277,99.0,16.168,7.2,37.843,0.492,78,31.699,1.757,121,7.5,98.502,-91577,-572500000,18876250770,150.306,0.238,1411100000,0.0,0.0,,,,14.086,99.024,1.013,,9562910,8.091,14.747,,9.195,2.078
China,CHN,2021,5.996,7.241,20.21,,,,,,19.944,2724353650085,1.164,344074977062,2218578,17820459508852,8.448,11950,20260,16883573489784,28620861782223,43.14,30.219,99.0,17.358,7.4,39.291,4.552,78,33.644,1.613,122,7.0,90.223,-379749,-564140015,22479899033,150.44,0.089,1412360000,0.0,,,,,14.937,99.43,1.012,,9562910,7.965,14.747,,8.688,1.839
China,CHN,2022,5.463,7.322,,,,,,,20.791,2448050054961,1.175,190203789093,2237373,17881782683707,2.951,12860,22320,18158288229356,31515177569069,43.146,27.765,99.0,17.56,,39.328,1.824,79,34.957,1.595,125,6.6,,-293846,-282320007,26093633202,150.42,-0.013,1412175000,,,,,,15.012,100.172,,,9562910,7.701,14.747,,10.745,1.649
France,FRA,2014,8.843,1.462,13.648,98.3,,,6939.944,3659.088,30.742,,2.0,5063648998,167526,2861236112552,0.998,43350,41010,2874466540723,2719730300347,21.836,27.47,91.0,31.457,8.0,17.342,0.571,83,43.967,1.863,103,4.1,97.575,52342,,27976008592,121.105,0.475,66312067,0.0,,0.4,,,44.22,101.28,1.007,103.426,549087,23.119,,4,,0.802
France,FRA,2015,8.176,1.504,14.058,97.7,,,,3692.018,31.693,,1.96,43133325471,168360,2442483452642,1.067,41130,41730,2737376827058,2777204974935,21.717,28.212,91.0,31.811,7.9,17.236,1.134,82,44.095,1.872,104,4.2,100.0,-345,,25447506168,121.537,0.356,66548272,0.1,,0.4,,,43.978,101.99,1.003,103.396,549087,23.166,,4,,0.684
France,FRA,2016,7.557,1.338,13.218,97.4,,,,,31.498,,1.92,35623357280,169194,2470407619777,0.86,39100,43830,2609008611542,2924692709642,21.598,27.933,90.0,31.845,8.0,16.943,0.517,83,43.266,1.917,106,4.2,99.54,15548,,25592759188,121.858,0.264,66724104,0.1,,0.4,,,43.903,102.26,1.003,103.308,549087,23.089,26.081,4,,0.592
France,FRA,2017,7.122,1.435,13.473,98.0,,,,,32.312,,1.89,43733253504,170028,2588868323335,2.084,38300,45580,2563020536489,3050429224954,22.181,26.018,90.0,33.084,8.1,16.748,0.586,83,44.6,1.909,108,4.2,97.712,102984,,26805186001,122.212,0.29,66918020,0.0,,0.4,,,44.469,102.417,1.002,103.756,549087,23.687,33.207,4,,0.619
France,FRA,2018,6.397,1.531,13.461,98.1,,,,,32.918,,1.87,77493098693,170862,2781576320884,1.646,41130,47620,2761891938900,3197837511869,22.612,25.935,90.0,33.884,8.0,16.725,1.115,83,45.25,1.843,110,4.3,96.717,132925,,28387547436,122.651,0.358,67158348,0.0,,0.4,,,44.164,102.464,1.001,103.773,549087,24.252,33.207,4,,0.687
France,FRA,2019,6.127,1.408,13.106,97.6,,,,,32.89,,1.86,53499337504,171696,2722793515172,2.027,42470,52340,2861712899208,3527047088054,23.025,26.927,92.0,33.539,7.8,16.907,1.211,83,45.013,1.836,112,4.2,96.906,71972,,28763750644,123.059,0.333,67382061,0.1,,0.4,,,43.056,102.448,0.999,104.077,549087,24.569,35.039,4,,0.661
France,FRA,2020,5.616,1.46,12.336,98.2,,,,,28.557,,1.83,19368829836,172530,2647926055110,-7.441,39200,49860,2650167887600,3370361819892,22.804,23.229,94.0,30.282,8.0,16.273,2.978,82,40.406,2.003,113,4.2,97.989,145593,,29983731185,123.459,0.325,67601110,0.1,,0.4,,,42.827,102.652,0.997,104.567,549087,24.655,36.168,,,0.654
France,FRA,2021,4.94,1.463,12.336,,,,,,31.288,,1.84,98012545019,173364,2966433692008,6.882,43800,54960,2971539484302,3728403071706,23.447,21.925,94.0,32.5,7.7,16.088,1.222,82,43.827,1.915,117,4.1,96.396,131465,,32646501628,123.901,0.357,67842811,0.1,15.6,0.3,,,42.531,102.58,,104.523,549087,23.906,36.393,,,0.686
France,FRA,2022,3.979,1.763,,,,,,,36.504,,1.794,109574904465,174198,2796302210399,2.571,45180,58530,3074984283604,3984079021927,24.189,22.983,95.0,39.286,,16.198,3.221,82,51.628,1.939,119,4.1,,179377,,33408248744,124.307,0.327,68065015,,,0.3,,,43.296,102.721,,104.256,549087,24.469,36.648,,,0.655
Germany,DEU,2014,7.895,0.915,29.26,96.9,,,7035.483,3779.462,41.684,,1.47,17356720098,114170,3965800686310,2.169,47630,47950,3857254836462,3883389666514,20.158,17.21,97.0,35.146,8.2,26.015,1.901,81,68.118,1.15,122,4.0,97.152,592338,,16266121336,232.108,0.417,80982500,0.0,,0.1,,99.488,27.95,102.622,0.965,103.304,357380,11.26,,14,,0.43
Germany,DEU,2015,8.115,0.709,27.882,97.1,,,,3817.549,42.604,,1.5,62418993509,114190,3423568450957,1.653,45830,48690,3743689242355,3977709151007,19.462,17.824,97.0,35.187,8.1,25.915,1.685,81,69.44,1.137,117,3.9,100.0,1175283,,14887806700,234.153,0.866,81686611,0.0,,0.1,,102.093,27.957,102.702,0.966,102.192,357410,11.257,,10,,0.879
Germany,DEU,2016,9.23,0.73,22.844,96.2,,,,,41.624,,1.6,58132711371,114190,3537784107981,2.295,44330,51830,3650161282573,4268495684340,19.735,18.083,97.0,34.361,8.0,26.216,1.256,81,67.547,1.151,126,3.9,102.301,517480,,15259414671,235.713,0.807,82348669,0.0,,0.1,0.5,99.698,27.86,101.406,0.964,100.852,357580,11.079,38.727,8,,0.838
Germany,DEU,2017,8.317,0.861,25.933,97.1,,,,,42.326,,1.57,108786501529,114190,3763092263753,2.716,43780,54340,3618812863747,4491247786268,20.513,15.851,97.0,35.241,8.0,26.118,1.468,81,69.387,1.153,133,3.9,100.234,452988,,17208421214,236.589,0.374,82657002,0.2,,0.1,,97.573,28.008,101.739,0.958,101.096,357580,11.2,38.787,8,,0.422
Germany,DEU,2018,7.665,0.743,25.16,96.2,,,,,42.607,,1.57,162250938126,114190,4052008447224,1.116,47540,57060,3941665383506,4730327637032,21.471,15.747,97.0,36.62,8.0,25.939,1.865,81,70.209,1.171,130,3.8,99.134,403908,,18653224755,237.294,0.301,82905782,0.0,,0.1,,98.588,28.385,102.645,0.961,100.837,357580,11.238,38.787,8,,0.367
Germany,DEU,2019,7.126,0.834,24.105,96.2,,,,,42.386,,1.54,75463438451,114190,3957208055216,0.988,49470,60430,4110488926154,5021458874670,21.3,16.387,97.0,36.747,7.9,25.631,2.016,81,68.821,1.262,129,3.7,100.199,319082,,18338278469,237.823,0.226,83092962,0.2,16.1,0.1,,99.633,28.667,102.547,0.965,101.153,357580,11.214,38.469,8,,0.308
Germany,DEU,2020,6.544,0.729,24.105,,,,,,39.169,,1.53,176781024357,114190,3940142541354,-4.095,48020,59560,3993539608655,4952942408140,21.667,15.503,97.0,33.824,7.8,25.377,1.755,81,64.828,1.374,129,3.7,101.898,203468,,18819700392,238.017,0.082,83160871,0.2,16.0,0.1,,98.383,28.574,101.997,0.97,101.308,357590,10.411,38.833,,,0.181
Germany,DEU,2021,6.241,0.742,24.105,,,,,,42.658,,1.58,102148693816,114190,4348297440388,3.67,52140,64330,4337833279228,5351636063192,22.461,15.385,97.0,37.499,,25.307,2.803,81,70.332,1.327,128,3.6,98.832,310264,,20270352311,238.118,0.042,83196078,,14.8,0.1,,100.974,28.62,101.347,,101.204,357590,11.023,38.542,,,0.16
Germany,DEU,2022,5.577,1.004,,,,,,,45.781,,1.455,62728998896,114190,4163596357879,1.37,53800,69210,4508041049388,5799413665398,23.021,17.483,97.0,43.284,,25.687,6.092,81,78.26,1.39,125,3.6,,981552,,19555835712,239.861,0.721,83797985,,,,,97.758,28.297,100.218,,100.817,357600,11.011,38.659,,,0.855
India,IND,2014,28.806,16.792,44.779,81.4,,,794.293,628.482,22.968,457507409077,2.306,34576643694,705616,2039126479155,7.41,1540,5130,2020998390899,6732247711206,34.268,9.221,85.0,25.954,,27.656,3.332,69,38.526,2.544,72,46.3,90.016,-227263,2991820068,70388642797,441.37,1.261,1312277191,,,0.3,29.4,99.028,11.551,111.585,1.033,75.318,3287260,9.985,,35,18.63,2.445
India,IND,2015,18.194,16.175,44.779,,,,,,19.813,478831010025,2.287,44009492130,708280,2103588360045,7.996,1580,5360,2097598211573,7120994309944,32.117,8.025,87.0,22.11,8.4,27.347,2.28,70,31.474,2.457,76,43.6,100.0,-655085,3174350098,68909693353,446.667,1.193,1328024498,18.8,,0.3,36.3,99.904,12.415,112.938,1.03,74.948,3287260,10.57,,30,11.206,2.399
India,IND,2016,14.535,16.364,44.779,81.4,53.5,,,,19.158,455541896499,2.273,44458571546,710944,2294796885663,8.256,1670,5730,2246783906989,7706181204018,30.173,7.663,88.0,20.924,8.4,26.619,3.238,70,27.287,2.543,84,41.1,105.321,81248,2679040039,62744364090,452.021,1.192,1343944296,18.1,,0.2,,99.314,12.851,119.513,1.03,76.12,3287260,11.148,3.479,28,17.263,2.42
India,IND,2017,15.166,16.558,44.779,,,,,,18.792,511575707374,2.2,39966091359,713608,2651474262755,6.795,1790,6080,2439593980809,8264361849009,30.982,7.362,90.0,21.951,8.2,26.5,3.969,70,28.255,2.532,86,38.7,98.522,-251642,3198139893,68967175500,457.306,1.162,1359657400,13.4,,0.2,33.4,98.589,12.727,117.868,1.084,74.597,3287260,11.387,3.479,30,10.085,2.414
India,IND,2018,15.133,16.032,44.779,,,,,,19.928,521175685410,2.177,42117450737,716272,2702929641649,6.454,1970,6640,2713329693634,9131972106246,32.343,9.041,93.0,23.689,8.2,26.412,3.884,71,31.049,2.424,86,36.4,93.312,-589794,2461989990,78790170929,462.352,1.097,1374659064,11.1,,0.2,,,13.189,101.098,1.015,75.785,3287260,12.017,3.479,16,11.398,2.369
India,IND,2019,14.796,16.756,44.779,,,,,,18.664,561017395481,2.109,50610647354,718936,2835606256558,3.871,2070,7080,2878536458776,9837436260445,30.096,10.224,95.0,21.241,7.7,24.591,2.406,71,28.579,2.549,83,34.3,95.408,-978969,2550320068,83332078002,467.185,1.04,1389030312,13.2,,0.2,,96.309,,99.504,1.02,75.526,3287260,,3.479,18,9.002,2.331
India,IND,2020,14.423,18.669,44.779,,66.7,,,,18.682,564979321177,2.051,64362364994,721600,2674851578587,-5.778,1900,6870,2661734078595,9639773300095,28.922,11.033,89.0,19.076,7.7,25.123,4.815,70,24.286,2.813,83,32.4,101.392,-73806,1794530029,83149172934,471.755,0.973,1402617695,15.5,,0.2,31.5,98.104,,101.291,1.007,77.627,3287260,,3.479,,15.054,2.282
India,IND,2021,14.289,17.373,44.779,89.4,66.7,,,,21.399,611987174448,2.031,44727277563,724264,3167270623260,9.69,2170,7960,3064476293211,11250341278207,32.116,10.213,89.0,24.024,8.0,26.467,8.355,67,30.579,2.471,82,30.6,90.741,-348916,3135310059,89375152218,475.652,0.823,1414203896,12.9,,0.2,,99.085,,102.316,0.992,80.625,3287260,,4.396,,7.811,2.151
India,IND,2022,14.185,16.639,,,,,,,23.2,615516027421,2.011,49940258404,726928,3353470496886,6.987,2380,9030,3394542221635,12868863585641,33.024,12.682,95.0,26.765,,25.284,6.748,68,35.004,2.425,81,29.1,,-1353478,2831239990,111221774722,479.426,0.79,1425423212,,,0.2,,,9.09,111.084,,81.178,3287260,6.72,4.396,,8.267,2.134
Indonesia,IDN,2014,40.126,13.337,10.351,,61.6,43.424,800.151,871.12,23.666,292565412570,2.389,25120732060,959542,890814755511,5.007,3570,9730,922995729808,2518156676016,34.6,9.329,86.0,24.414,7.4,41.928,5.443,70,39.792,0.778,127,28.6,102.502,-27988,-381940002,8551164469,137.883,1.175,258877399,9.7,11.3,0.4,,109.714,14.617,110.911,0.982,84.688,1910931,10.836,,54,29.917,2.476
Indonesia,IDN,2015,37.861,13.493,10.69,,60.0,46.774,910.0,,21.16,307849578358,2.345,19779127977,950279,860854232718,4.876,3390,9690,886547498572,2538121217610,34.063,8.89,87.0,20.777,7.4,40.048,3.98,70,34.043,0.882,131,27.5,100.0,-28487,-28459999,9659168639,139.439,1.122,261799249,8.5,11.2,0.4,,109.529,12.967,109.362,0.986,88.782,1913580,10.753,,49,34.607,2.402
Indonesia,IDN,2016,35.356,13.479,11.029,92.6,59.4,47.956,956.0,,19.089,319052612588,2.309,4541713739,952718,931877364034,5.033,3370,9930,890493673496,2628825069016,33.859,7.999,88.0,18.332,7.4,39.308,2.439,70,30.062,0.792,147,26.4,101.542,-28991,-108279999,8906655811,140.945,1.074,264627418,6.7,10.9,0.4,,107.965,12.474,107.162,0.996,88.564,1913580,10.336,5.063,26,37.48,2.334
Indonesia,IDN,2017,32.792,13.157,11.029,90.9,63.6,46.964,1021.0,,20.177,353688908559,2.262,20510310832,939498,1015618744168,5.07,3490,10350,934207963800,2766768816137,33.711,8.446,90.0,19.178,7.4,39.379,4.293,70,32.073,0.865,165,25.4,101.208,-29467,280190002,8989529971,142.394,1.022,267346658,4.3,10.6,0.4,,106.196,12.177,105.634,0.994,91.582,1916820,9.877,5.268,24,29.436,2.256
Indonesia,IDN,2018,30.648,12.808,11.029,93.6,,47.232,1064.0,,21.003,379851596756,2.234,18909826044,933443,1042271532953,5.174,3810,11030,1028158608321,2978437369939,34.571,8.213,89.0,22.072,7.4,39.73,3.818,70,35.387,0.719,120,24.5,100.561,-29911,962690002,11215344812,143.781,0.97,269951846,4.4,9.8,0.4,17.7,104.974,12.993,104.648,0.993,93.431,1916862,10.23,5.268,21,25.136,2.181
Indonesia,IDN,2019,28.876,12.713,11.029,94.7,,47.129,1084.0,,18.592,402379692153,2.215,24993551748,927387,1119099871386,5.019,4020,11620,1096634205244,3166892074843,33.78,8.092,88.0,19.036,7.6,38.952,1.598,71,30.289,0.729,127,23.6,100.999,-30421,-693369995,11666395059,145.133,0.936,272489381,3.4,9.4,0.4,,104.611,12.349,102.597,,95.784,1916907,9.752,5.268,13,39.486,2.121
Indonesia,IDN,2020,27.176,13.698,11.029,,,53.694,,,17.331,417061427291,2.194,19175077748,921332,1059054842712,-2.066,3850,11410,1059188261568,3134895515995,32.343,8.425,76.0,15.641,7.6,38.238,-0.402,69,28.792,0.887,131,22.8,98.481,-18743,1210020020,9650926142,146.371,0.85,274814866,2.8,9.8,0.4,,103.143,10.537,102.438,,98.044,1916907,8.31,5.268,,36.819,2.015
Indonesia,IDN,2021,26.824,13.28,11.029,,,54.315,,,21.417,417868182908,2.175,21213080330,915277,1186509691071,3.703,4130,12410,1142865991939,3434771286487,31.449,7.204,72.0,18.788,7.6,39.845,6.004,68,36.047,0.742,134,22.0,100.771,-11248,625900024,9402427089,146.235,0.705,276758053,2.9,10.1,0.4,,103.382,11.815,101.991,,99.097,1916907,9.094,5.268,,26.219,1.844
Indonesia,IDN,2022,26.581,12.4,,,,51.13,,,24.504,396032177096,2.153,24702029705,909221,1319076267292,5.307,4520,13890,1260912101882,3873642750647,29.746,8.304,92.0,20.962,7.8,41.43,9.567,68,40.136,0.703,115,21.3,,-37501,662700012,13089296495,147.33,0.746,278830529,2.2,9.5,0.3,,102.986,15.143,100.645,,98.972,1916907,11.605,5.268,,23.326,1.864
Italy,ITA,2014,5.593,1.908,18.615,99.9,,,5002.407,2414.484,28.622,,1.37,17032744039,92433,2173255507986,-0.001,34920,36200,2122613224767,2200447242187,17.077,7.737,87.0,25.832,6.2,20.187,0.903,83,46.207,1.283,149,3.6,97.217,52679,,10099257246,205.565,0.918,60789140,1.2,19.9,0.3,,99.319,39.695,100.752,0.995,101.122,302069,24.713,,12,,1.341
Italy,ITA,2015,5.137,1.992,18.608,99.9,,,,2481.755,29.144,,1.35,13303439230,92971,1845428048839,0.886,33030,36640,2005968707657,2225428932684,17.281,8.152,85.0,26.292,5.9,20.29,0.783,83,47.03,1.208,146,3.5,100.0,39389,,9607744315,205.367,-0.096,60730582,1.9,20.6,0.3,,98.95,39.583,100.372,0.997,101.228,302069,24.622,,11,,0.326
Italy,ITA,2016,4.766,1.849,18.558,99.9,,,,,28.799,,1.34,25656663795,93509,1887111188177,1.236,31960,40040,1937701694923,2427621534122,17.712,8.291,87.0,25.633,6.1,20.663,1.248,83,46.024,1.335,143,3.4,102.662,84568,,9512833704,205.018,-0.17,60627498,1.6,20.3,0.3,,98.491,39.739,99.813,1.003,100.743,302069,24.937,13.346,11,,0.246
Italy,ITA,2017,4.376,1.893,18.508,99.9,,,,,30.14,,1.32,8737024579,94047,1970720904585,1.604,31370,41810,1898930009999,2531219823306,18.169,7.805,92.0,27.443,6.0,20.793,0.71,83,48.741,1.357,140,3.3,99.741,95147,,9742186172,204.711,-0.15,60536709,1.4,20.3,0.3,,99.571,39.285,102.803,0.984,101.01,302069,24.572,13.365,11,,0.263
Italy,ITA,2018,4.064,1.858,18.458,99.9,,,,,30.814,,1.29,44249715319,94585,2099435266459,0.827,33850,43510,2045325630105,2629049101684,18.661,7.477,93.0,28.461,6.1,20.987,1.071,83,50.145,1.359,139,3.2,98.553,83686,,9899652023,204.322,-0.19,60421760,1.5,20.1,0.2,,98.834,39.222,102.895,0.979,101.526,302069,24.152,13.365,11,,0.228
Italy,ITA,2019,3.68,1.819,18.545,99.8,,,,,30.95,,1.27,35760550299,95123,2019606796584,0.429,34890,46840,2083854555659,2797692098539,18.364,7.758,94.0,27.744,6.3,21.012,1.047,83,50.145,1.312,133,3.0,100.942,46634,,10458515879,201.981,-1.153,59729081,1.0,20.0,0.2,,98.369,39.922,102.959,0.983,101.742,302068,24.476,13.335,11,,-0.731
Italy,ITA,2020,3.295,1.928,18.436,99.8,,,,,28.726,,1.24,-17050399621,95661,1907481094079,-8.868,32430,44770,1927357041228,2660829806482,17.899,8.587,92.0,25.214,6.3,20.964,1.577,82,48.58,1.74,130,2.9,104.715,85281,,9888526922,200.999,-0.487,59438851,0.8,20.1,0.2,,98.721,40.367,102.637,0.99,101.836,302068,24.63,13.953,,,-0.06
Italy,ITA,2021,3.016,1.833,18.436,,,,,,31.172,,1.25,24902365871,96199,2179207773596,8.931,36410,50540,2153310981870,2988507504507,22.001,7.77,94.0,29.13,6.5,22.557,1.283,83,54.288,1.72,132,2.8,99.137,157327,,10508060201,199.965,-0.516,59133173,0.8,20.1,0.2,,97.715,40.145,101.09,,101.835,302068,24.769,13.952,,,-0.084
Italy,ITA,2022,2.988,1.891,,,,,,,35.117,,1.24,62728326244,96738,2102995942720,4.662,38330,56340,2262186220524,3324774786874,24.756,9.159,94.0,36.936,,23.222,3.56,83,64.33,1.679,133,2.6,,231228,,10529552165,199.559,-0.202,59013667,,,0.2,,97.153,39.588,101.565,,101.354,302070,24.497,14.544,,,0.233
Japan,JPN,2014,4.325,0.997,18.636,99.8,54.7,344.927,7819.715,3470.763,17.419,,1.42,19752249424,249484,4896994405353,0.296,44440,41030,5656060796743,5221591072071,25.036,17.781,98.0,20.013,,27.314,1.686,84,30.68,0.958,124,2.8,87.61,58109,,3733912542,349.18,-0.133,127276000,,,,,,,102.415,1.005,101.814,377962,,,11,,-0.047
Japan,JPN,2015,4.04,1.034,18.585,99.9,39.8,341.142,,3428.557,17.437,,1.45,5252218412,249440,4444930651964,1.561,39380,42510,5006471935030,5404452911056,25.165,18.045,96.0,17.991,,28.584,2.111,84,28.64,0.947,126,2.8,100.0,168896,,3325097903,348.809,-0.106,127141000,,,,,,,102.419,1.005,102.2,377971,,,11,,-0.022
Japan,JPN,2016,3.75,1.125,18.535,99.8,,346.833,,,16.058,,1.44,40954181469,249400,5003677627544,0.754,38460,42010,4887581873401,5338418864031,24.836,17.62,96.0,15.252,,28.63,0.42,84,25.037,0.93,131,2.7,108.542,314732,,3830448522,348.631,-0.051,127076000,,,,,,,102.217,1.005,101.168,377970,,2.092,11,,0.032
Japan,JPN,2017,3.404,1.128,18.442,99.9,,352.149,,,17.591,,1.43,18802251208,249350,4930837369151,1.675,38930,42980,4943005267666,5456929841830,25.215,17.594,97.0,16.832,,28.882,-0.074,84,27.793,0.913,136,2.6,102.991,322564,,4443028775,348.346,-0.082,126972000,,,,,,,102.255,1.005,101.883,377970,,10.026,11,,0.003
Japan,JPN,2018,3.076,1.044,18.395,99.9,,350.615,,,18.315,,1.42,25289367858,249350,5040880939325,0.643,41800,43750,5300391313001,5548453034658,25.642,17.297,97.0,18.295,,29.014,-0.0,84,29.491,0.962,142,2.5,97.091,320601,,4369453719,347.904,-0.127,126811000,,,,,,,102.1,1.003,102.425,377974,,10.026,11,,-0.038
Japan,JPN,2019,2.772,1.039,18.233,99.9,,363.318,,,17.464,,1.36,39960544340,249350,5117993853017,-0.402,41970,44350,5315223353077,5616185461359,25.79,17.03,96.0,17.753,,28.804,0.635,84,27.873,0.992,148,2.5,98.661,318190,,4388723266,347.416,-0.14,126633000,,,,,,,102.652,1.003,102.67,377974,,10.026,11,,-0.051
Japan,JPN,2020,2.503,1.066,18.233,99.9,,393.451,,,15.529,,1.33,62584719398,249350,5055587093502,-4.147,40940,43990,5169145753460,5554842403045,25.246,18.633,98.0,15.797,,29.073,0.941,85,25.255,1.018,156,2.4,106.492,42001,,4887784631,346.395,-0.294,126261000,,,,,,,102.737,,102.845,377974,,10.026,,,-0.203
Japan,JPN,2021,2.088,1.013,18.233,99.8,,391.252,,,18.125,,1.3,35027163876,249350,5034620784585,2.559,43670,46680,5487896268105,5866680598433,25.719,18.004,95.0,18.646,,29.263,-0.19,84,30.29,1.018,161,2.3,94.923,-34996,,5293894065,344.805,-0.46,125681593,,,,,,,102.218,,102.155,377974,,15.235,,,-0.367
Japan,JPN,2022,1.821,1.018,,,,385.902,,,21.542,,1.26,48004621741,249350,4256410760724,0.955,42550,49980,5324574664050,6254020558483,26.588,18.259,98.0,25.302,,26.916,0.334,84,38.624,1.078,168,2.3,,175003,,5407997507,343.278,-0.444,125124989,,,,,,,102.159,,102.338,377969,,15.235,,,-0.348
"Korea, Rep.",KOR,2014,1.797,2.057,45.022,,,,10496.514,5289.276,47.831,,1.205,9273600000,63470,1484488526272,3.202,28160,35500,1428957268959,1801276221059,29.79,30.061,99.0,42.783,7.6,34.092,0.907,82,74.009,2.53,113,3.6,89.317,308037,,6573500000,520.852,0.628,50746659,0.2,,,0.9,98.227,24.988,99.457,0.997,98.581,100280,13.241,,8,,0.54
"Korea, Rep.",KOR,2015,1.638,2.004,45.022,100.0,79.6,,,5413.348,42.99,,1.239,4104100000,63370,1466038936206,2.809,28720,38020,1465140433530,1939637111593,29.529,31.212,98.0,36.143,,34.15,3.186,82,65.705,2.495,116,3.5,100.0,276427,,6463900000,523.526,0.527,51014947,,,,,100.522,24.814,100.062,0.996,98.593,100295,13.158,,8,,0.438
"Korea, Rep.",KOR,2016,1.478,1.859,45.022,,,,,,40.133,,1.172,12104300000,63250,1499679823910,2.947,29330,39720,1502019360877,2034377961086,30.143,30.525,98.0,33.471,6.7,34.298,1.986,82,60.121,2.46,119,3.4,100.997,91568,,6523600000,525.37,0.397,51217803,0.2,,,,103.802,25.757,99.716,0.995,98.718,100339,13.982,3.885,8,,0.309
"Korea, Rep.",KOR,2017,1.126,1.851,45.022,,,,,,40.934,,1.052,17912900000,63170,1623074183502,3.16,30290,41120,1555716400576,2112226195330,32.288,32.546,97.0,36.187,6.7,34.766,2.223,83,64.826,2.421,124,3.3,100.638,104029,,6526400000,526.735,0.281,51361911,0.2,,,0.9,97.857,26.185,98.625,0.995,99.106,100360,14.494,3.99,8,,0.209
"Korea, Rep.",KOR,2018,1.179,1.746,45.022,,82.3,,,,41.713,,0.977,12182600000,63070,1725373496825,2.907,32740,43220,1688927029003,2229385035794,31.487,36.391,98.0,37.276,7.1,34.046,0.483,83,66.076,2.497,128,3.2,95.437,118220,,7125100000,528.969,0.434,51585058,0.2,,,,96.763,27.449,98.666,0.996,99.319,100380,15.536,3.99,8,,0.38
"Korea, Rep.",KOR,2019,0.925,1.668,45.022,,,,,,39.276,,0.918,9634300000,62970,1651422932448,2.244,33830,44240,1750991514985,2290263550424,31.495,32.405,98.0,36.481,7.4,32.679,-0.839,83,63.314,2.671,133,3.1,91.495,128622,,7166100000,530.377,0.348,51764822,0.0,,,,99.906,27.88,99.639,0.996,98.381,100400,15.2,5.546,8,,0.312
"Korea, Rep.",KOR,2020,0.799,1.766,45.022,,,,,,36.36,,0.837,8764900000,62870,1644312831906,-0.709,33040,45540,1712697394006,2360460945631,31.885,35.602,98.0,32.674,7.6,32.538,1.564,83,59.607,2.803,136,3.0,94.952,112631,,7434800000,531.109,0.138,51836239,0.0,,,0.3,101.202,27.903,99.218,0.996,97.089,100410,14.861,5.809,,,0.118
"Korea, Rep.",KOR,2021,0.539,1.856,45.022,,,,,,41.877,,0.808,22060400000,62770,1818432106880,4.305,35180,49120,1821292793345,2542822630694,32.327,36.015,98.0,38.322,7.5,32.432,2.763,84,69.263,2.809,141,2.9,92.302,-16778,,7742300000,530.426,-0.129,51769539,0.0,,,,98.476,29.934,98.676,,98.095,100430,16.735,5.862,,,-0.129
"Korea, Rep.",KOR,2022,0.651,1.642,,,,,,,48.272,,0.778,25044700000,62670,1673916511800,2.613,36160,52380,1868326792927,2706618834367,33.181,36.118,97.0,48.265,,31.726,1.276,83,84.53,2.718,149,2.8,,87800,,7814500000,529.432,-0.187,51672569,,,,,96.055,32.004,99.033,,97.916,100440,18.445,5.862,,,-0.172
Mexico,MEX,2014,74.356,3.027,20.765,95.6,72.3,47.256,2167.605,1569.317,31.463,544166999709,2.211,28438274451,664534,1364507717614,2.504,10950,18370,1311930001624,2200816239706,22.293,20.222,97.0,32.635,4.7,31.918,4.368,75,59.252,0.514,88,16.8,115.657,-228816,814890015,25556643773,61.619,1.21,119784261,4.0,,0.4,,111.54,17.689,108.573,1.023,97.32,1964375,10.243,,8,10.697,1.583
Mexico,MEX,2015,69.335,3.085,20.944,97.7,66.9,50.686,,1547.241,34.163,538015200056,2.137,36249945684,663309,1213294467717,2.702,10580,18590,1280511652391,2251299552152,23.736,19.573,97.0,36.25,,30.84,3.225,75,64.768,0.467,90,16.2,100.0,-291044,321070007,26824907167,62.282,1.07,121072306,,,0.4,3.9,105.993,18.368,106.963,1.03,100.982,1964375,12.346,,8,12.539,1.439
Mexico,MEX,2016,66.136,3.246,21.168,98.0,,53.05,,,36.816,544792453300,2.086,38899502234,662032,1112233497453,1.772,9740,19580,1190381172087,2393565436264,24.343,20.654,96.0,38.875,5.0,30.617,6.078,74,69.362,0.495,92,15.7,93.929,-304472,809340027,29328819630,62.888,0.969,122251351,2.3,43.6,0.4,4.2,104.702,19.192,106.391,1.036,102.871,1964375,13.124,6.752,8,18.853,1.337
Mexico,MEX,2017,64.486,3.298,21.477,96.6,,53.334,,,37.514,578638429805,2.041,33114459875,660754,1190721475906,1.872,9270,19970,1143310436798,2464263194964,23.892,21.168,76.0,39.438,,31.959,6.568,74,70.681,0.437,93,15.2,98.116,-227499,754609985,32922876924,63.479,0.935,123400057,,,0.4,,104.325,19.447,105.798,1.039,105.11,1964375,12.687,19.056,8,14.282,1.299
Mexico,MEX,2018,63.447,3.297,21.721,,73.1,52.943,,,39.044,602000702060,1.996,37857187751,659476,1256300182880,1.972,9560,20380,1191161317295,2538887671170,23.477,20.892,97.0,41.169,5.2,32.044,5.204,74,73.832,0.477,97,14.7,100.458,-175356,549210022,36526305945,64.083,0.947,124573711,1.9,41.9,0.4,,102.369,18.334,105.188,1.046,105.965,1964375,12.712,19.056,8,11.622,1.308
Mexico,MEX,2019,63.359,3.315,21.846,,,56.724,,,38.53,617449991504,1.916,29946327705,658198,1304106203695,-0.393,9860,20370,1240366188380,2562369414126,22.149,20.407,73.0,38.932,,31.838,4.319,74,71.139,0.523,98,14.2,101.397,-169628,525039978,39833517538,64.695,0.95,125762982,,,0.4,4.7,102.473,18.519,105.095,1.052,105.516,1964375,12.788,18.91,8,13.302,1.309
Mexico,MEX,2020,62.577,3.711,21.894,,,61.603,,,39.235,616686384395,1.905,31524173543,656921,1121064767262,-8.354,8920,18730,1130586047340,2375240560691,20.237,21.507,92.0,37.619,5.3,31.0,4.62,70,72.293,0.738,98,13.7,96.842,-147456,793989990,43977653965,65.228,0.82,126799054,2.1,43.9,0.4,4.6,102.598,18.645,104.518,1.054,102.582,1964375,13.898,18.91,,15.736,1.177
Mexico,MEX,2021,62.033,3.783,21.991,,,60.516,,,40.569,601474054898,1.822,35405811449,655643,1316569466933,6.048,9880,20490,1261065448422,2615286722594,21.707,19.811,99.0,42.5,,31.97,4.488,70,77.277,0.682,100,13.3,96.788,-122791,563659973,55067029560,65.664,0.667,127648148,,,0.4,4.2,102.82,18.343,103.359,,98.32,1964375,13.411,18.91,,14.474,1.02
Mexico,MEX,2022,61.111,3.905,,,,58.937,,,42.732,585464239733,1.803,39110305098,654365,1464312692332,3.689,10720,23120,1379016318504,2973629333544,22.811,20.534,86.0,45.655,5.6,33.073,6.497,75,82.224,0.607,100,12.8,,-108438,495480011,61457717975,66.161,0.753,128613117,1.2,36.3,0.4,4.2,102.239,19.306,102.005,,98.358,1964375,13.428,18.951,,8.674,1.103
Netherlands,NLD,2014,3.673,1.801,86.273,,,,6712.775,4325.524,81.382,,1.71,143075412409,3666,901556501756,1.613,51600,48740,870181440963,821940707074,17.707,24.556,96.0,70.334,8.8,17.682,0.344,82,139.978,1.16,115,4.1,98.883,36591,,3723144479,500.594,0.36,16865008,0.1,,0.2,,,38.662,,,,41540,20.422,,4,,0.922
Netherlands,NLD,2015,3.18,1.806,76.464,,,,,4233.044,83.992,,1.66,376243899819,3648,775743675303,2.121,49250,49780,834315730478,843205617930,22.17,24.074,95.0,76.334,8.9,17.415,0.888,82,139.55,1.133,122,4.1,100.0,55585,,3276248684,503.116,0.443,16939923,0.1,12.7,0.2,,,37.623,106.059,1.008,114.138,41540,20.883,,4,,0.98
Netherlands,NLD,2016,2.961,1.864,72.94,,,,,,80.91,,1.66,275561931218,3658,797163949290,2.424,46430,51020,790734582844,868877663908,19.776,24.009,94.0,70.056,8.8,16.964,0.566,82,134.402,1.164,122,4.1,100.839,88743,,3206127086,505.801,0.532,17030314,0.0,13.2,0.2,,,38.418,105.68,1.009,112.994,41540,21.545,17.892,4,,1.043
Netherlands,NLD,2017,2.772,1.968,71.965,,,,,,85.18,,1.62,199506158819,3667,848233537846,2.782,46200,54460,791405165007,932892667647,20.215,22.922,93.0,74.467,8.8,17.121,1.439,82,144.619,1.157,119,4.0,99.918,86332,,3417061015,508.8,0.591,17131296,0.2,13.3,0.2,,,38.563,105.039,1.008,115.225,41540,22.695,21.21,4,,1.078
Netherlands,NLD,2018,2.603,1.76,73.547,,,,,,87.056,,1.59,-286149009225,3676,929733599797,2.259,50480,57610,869841540328,992691313903,20.48,22.513,93.0,76.503,8.9,17.324,2.533,82,147.591,1.217,122,4.0,99.749,87197,,3724082172,511.78,0.584,17231624,0.1,13.2,0.2,,,38.639,104.561,1.006,114.5,41540,22.667,21.21,4,,1.036
Netherlands,NLD,2019,2.505,1.759,76.395,,,,,,85.321,,1.57,-127018529908,3686,928903005576,2.3,51920,59850,900518125714,1038037139219,21.758,23.048,94.0,75.356,8.6,17.113,3.028,82,144.716,1.318,125,4.0,99.651,109003,,3673480765,515.143,0.655,17344874,0.1,13.4,0.2,,,38.751,104.579,1.006,114.804,41540,23.561,25.309,4,,1.076
Netherlands,NLD,2020,2.355,1.737,75.509,,,,,,81.242,,1.54,-221105619977,3695,932560861701,-3.868,50030,59070,872639736874,1030310445717,21.352,23.164,94.0,70.992,9.2,17.379,2.356,81,136.155,1.441,123,4.0,99.093,67598,,3622290492,518.013,0.556,17441500,0.0,14.4,0.2,,,38.705,104.339,1.008,136.284,41540,23.778,25.311,,,0.947
Netherlands,NLD,2021,2.227,1.655,72.238,,,,,,86.45,,1.62,-115499072848,3704,1054472123450,6.277,58150,68780,1019620715223,1205841734661,22.194,22.002,93.0,76.705,9.4,17.706,2.747,81,151.489,1.377,125,4.0,96.936,106416,,3956821809,520.732,0.523,17533044,0.1,14.5,0.2,,,38.48,104.378,,135.962,41540,23.931,25.308,,,0.887
Netherlands,NLD,2022,2.071,1.642,,,,,,,96.444,,1.487,15562510630,3714,1046540797549,5.007,60030,73850,1062676521376,1307176218118,22.863,21.958,89.0,87.664,,18.656,6.156,82,177.943,1.583,118,3.9,,224472,,3729112483,525.72,0.953,17700982,,,,,,37.936,104.215,,138.768,41540,23.256,25.307,,,1.292
Russian Federation,RUS,2014,27.168,3.361,1.642,99.7,,,6583.543,4928.566,27.111,,1.75,22031340000,8149715,2059241589895,0.736,14590,24840,2137991200530,3639325111274,22.391,12.125,98.0,20.69,6.2,27.932,7.49,71,39.077,4.113,153,8.9,131.473,264698,,7776540000,8.807,0.3,144237223,0.3,11.3,,,95.01,27.152,97.496,0.989,95.606,17098250,13.255,,12,,0.417
Russian Federation,RUS,2015,24.73,3.873,1.448,99.7,,,,,28.703,,1.777,6852970000,8149305,1363482182198,-1.973,11740,23330,1725234111834,3428609968105,22.149,15.992,98.0,20.656,6.2,29.794,7.25,71,39.197,4.872,157,8.3,100.0,384756,,6903390000,8.832,0.279,144640716,0.3,13.4,,,97.341,24.472,98.383,0.989,96.329,17098250,10.642,,11,,0.414
Russian Federation,RUS,2016,21.857,3.84,1.503,99.7,,,,,25.854,,1.762,32538900000,8151210,1276786350881,0.194,9680,23340,1426946310646,3440587138812,23.095,15.79,98.0,20.664,6.2,29.174,2.844,72,37.062,5.425,158,7.5,81.52,447645,,6688670000,8.855,0.259,145015460,0.3,13.2,,,94.935,24.268,98.334,0.992,95.914,17098250,9.183,7.611,10,,0.413
Russian Federation,RUS,2017,18.242,3.554,1.494,99.7,,76.174,,,26.091,,1.621,28557440000,8153116,1574199360089,1.826,9160,25090,1352318548309,3705398029015,23.607,12.325,98.0,20.786,6.5,30.673,5.35,72,37.564,4.249,156,6.9,92.23,396619,,8235000000,8.872,0.191,145293260,0.3,12.9,,,,24.485,100.768,0.983,97.521,17098250,10.288,7.616,10,,0.364
Russian Federation,RUS,2018,16.031,3.394,1.503,99.7,,71.315,,,30.793,,1.579,8784850000,8153116,1657328773461,2.807,10180,27930,1505175092177,4128705266500,21.918,11.355,98.0,20.788,6.7,32.554,9.998,73,41.8,3.72,157,6.3,108.086,339972,,9287270000,8.878,0.072,145398106,0.1,12.6,,,99.599,27.516,102.069,0.978,99.214,17098250,11.469,7.616,10,,0.262
Russian Federation,RUS,2019,14.271,3.53,1.503,99.7,,70.852,,,28.433,,1.504,31974770000,8153116,1693115002708,2.198,11190,29990,1655618273843,4434790959251,22.662,12.905,98.0,20.795,6.7,32.15,3.263,73,39.784,3.86,164,5.8,109.32,336494,,10432480000,8.882,0.038,145453291,0.2,12.3,,,100.024,27.48,101.832,0.98,100.472,17098250,10.938,7.616,10,,0.245
Russian Federation,RUS,2020,13.801,4.006,1.503,99.6,,86.159,,,25.522,,1.505,9478810000,8153116,1493075894362,-2.654,10660,30750,1575000056326,4542377364597,23.456,9.194,97.0,20.445,7.4,29.717,0.898,71,38.419,4.171,164,5.4,89.152,334094,,9914970000,8.869,-0.143,145245148,0.1,12.1,,,,27.677,102.763,,92.752,17098250,10.799,7.616,,,0.08
Russian Federation,RUS,2021,13.565,3.938,1.503,,,,,,29.771,,1.505,40450000000,8153116,1843392293734,5.614,11720,38030,1725858305661,5598675743005,22.709,9.73,97.0,20.425,6.9,31.402,19.412,70,43.138,3.72,169,5.1,115.245,314112,,9646920000,8.838,-0.344,144746762,0.2,11.0,,,,26.371,101.909,,93.342,17098250,11.606,8.574,,,-0.103
Russian Federation,RUS,2022,13.163,3.821,,,,,,,28.026,,1.416,-39800944227,8153116,2266029240645,-2.07,12810,40140,1879408356849,5889237397480,22.793,,97.0,15.233,,32.096,16.715,73,38.331,4.056,,4.8,,765629,,3245171006,8.807,-0.353,144236933,,,,,,27.308,101.136,,93.935,17098250,10.97,8.574,,,-0.097
Saudi Arabia,SAU,2014,15.908,2.289,894.708,,,,10267.378,7541.883,46.248,,2.686,1509063087,9770,766605866667,3.811,28440,62780,805023371180,1777121948093,29.018,0.591,98.0,33.313,,56.575,-2.043,77,67.345,10.678,164,9.6,150.047,469144,,273304000,13.169,2.45,28309273,,,0.1,,,36.182,102.034,,99.408,2149690,2.734,,25,,2.716
Saudi Arabia,SAU,2015,15.177,2.773,948.875,98.0,,,,,32.564,,2.637,3970644085,9770,669484266667,4.509,25840,53730,770490084598,1602070121744,34.224,0.787,98.0,36.94,,44.639,-16.437,77,56.495,13.326,161,9.1,100.0,465292,,295434400,13.87,5.187,29816382,,,0.1,5.8,,24.405,102.692,1.004,103.276,2149690,3.259,,23,,5.452
Saudi Arabia,SAU,2016,14.963,2.947,929.583,98.0,24.6,,,,30.159,,2.59,21954833890,9770,666000000000,1.884,23220,49360,718618864925,1527985835845,30.898,1.305,98.0,29.746,,42.424,-2.36,77,48.611,9.873,143,8.6,89.007,-26997,,317361867,14.399,3.745,30954198,,,0.1,4.7,,20.799,103.448,0.956,105.05,2149690,3.283,4.041,19,,4.01
Saudi Arabia,SAU,2017,14.657,2.867,955.958,99.7,,,,,33.566,,2.584,1014062501,9770,714994666667,0.911,22320,52090,691439667016,1613588906096,28.796,0.735,96.0,28.249,,44.946,6.387,77,49.84,10.224,118,8.1,111.927,-920812,,290788000,14.41,0.075,30977355,,,0.1,6.2,100.33,25.791,106.085,0.958,105.574,2149690,3.26,4.528,18,,0.339
Saudi Arabia,SAU,2018,14.249,2.482,974.167,99.4,,,,,37.199,,2.546,12141122233,9770,846583733333,3.199,25550,57250,771510491064,1728663154008,26.123,0.544,98.0,24.757,,49.134,14.734,77,50.962,9.137,118,7.7,125.001,-988751,,334914667,14.047,-2.554,30196281,,,0.1,3.3,101.869,28.533,105.432,0.978,105.883,2149690,8.292,4.528,18,,-2.289
Saudi Arabia,SAU,2019,12.803,2.56,974.167,94.8,27.6,,,,34.089,,2.504,3079217251,9770,838564800000,1.098,27720,56730,833397174884,1705657527381,28.296,0.648,95.0,26.109,,46.048,-2.023,77,49.461,8.134,115,7.3,127.657,191582,,334029333,13.985,-0.44,30063799,,,0.1,4.0,98.508,29.483,103.158,0.96,104.45,2149690,6.998,4.528,10,,-0.176
Saudi Arabia,SAU,2020,11.266,2.96,974.167,,,,,,24.902,,2.465,1621264195,9770,734271200000,-3.582,25640,46130,809095167709,1455468175434,27.691,0.608,96.0,24.812,,39.471,-9.185,76,42.471,9.178,120,7.0,113.197,-74725,,302253072,14.678,4.833,31552510,,,0.1,3.5,96.209,28.394,102.712,0.974,103.277,2149690,8.237,4.528,,,5.097
Saudi Arabia,SAU,2021,10.467,2.675,974.167,,,,,,32.775,,2.427,23111903141,9770,874156000000,5.075,28190,56590,867841479416,1742116683970,25.448,0.306,98.0,24.368,,44.174,13.301,77,49.079,7.581,126,6.7,139.896,-106287,,294914320,14.32,-2.465,30784383,,,0.1,,96.464,29.453,101.514,0.989,103.587,2149690,9.673,4.528,,,-2.203
Saudi Arabia,SAU,2022,10.29,2.405,,,,,,,40.221,,2.393,28055082624,9770,1108571466667,7.486,31120,61970,1001225265367,1994004880852,26.427,,98.0,23.292,,53.137,17.984,78,54.219,7.423,132,6.4,,977072,,287019260,14.967,4.419,32175224,,,0.1,,120.119,30.506,102.706,,119.968,2149690,7.772,4.528,,,4.68
Spain,ESP,2014,8.073,2.527,29.549,,,,5355.987,2464.641,33.219,,1.32,31972292815,185500,1380244561362,1.52,29150,33420,1355042578220,1553280018842,18.148,6.912,96.0,30.18,5.7,19.87,-0.221,83,49.512,1.254,109,3.4,96.548,-97870,,3130366133,92.923,-0.299,46480882,0.8,22.1,0.3,,96.519,28.312,102.538,1.007,125.336,505940,14.049,,14,,-0.005
Spain,ESP,2015,7.666,2.723,28.336,99.9,,,,2571.341,33.299,,1.33,23777330434,185512,1206164777553,4.061,28460,34910,1321830489552,1621468544092,19.373,6.888,96.0,30.283,5.8,19.923,0.552,83,49.257,1.27,110,3.3,100.0,-1979,,2673407399,92.953,-0.078,46444832,0.9,22.3,0.3,,96.101,27.54,102.144,1.005,124.855,505924,14.082,,14,,0.219
Spain,ESP,2016,7.287,2.815,28.076,,,,,,33.577,,1.34,44962670966,185552,1243015667917,2.915,27560,37400,1281056644204,1738407267476,19.061,7.802,97.0,29.612,5.8,19.794,0.372,83,48.342,1.137,111,3.3,101.147,106474,,2632183875,93.049,0.084,46484062,1.1,21.6,0.3,,94.701,27.129,102.13,1.01,123.27,505935,13.684,15.196,13,,0.383
Spain,ESP,2017,6.932,2.803,27.063,,,,,,34.9,,1.31,33577736759,185593,1321754088819,2.896,27120,39570,1263705022538,1843464021723,19.566,6.999,98.0,31.267,6.2,19.905,1.258,83,50.805,1.23,113,3.2,99.642,201135,,3004745214,93.271,0.235,46593236,0.7,21.5,0.3,,96.676,27.042,102.505,1.016,120.556,505935,13.627,14.974,13,,0.535
Spain,ESP,2018,6.243,2.701,26.447,99.9,62.1,,,,34.875,,1.26,63958429157,185636,1431642809327,2.395,29340,40780,1373159470832,1908195340916,20.706,6.767,98.0,32.135,6.2,19.739,1.187,83,51.501,1.254,116,3.2,97.665,337467,,3331709084,93.67,0.438,46797754,0.8,20.7,0.3,,95.672,27.754,102.639,1.017,119.43,505957,14.127,14.974,12,,0.738
Spain,ESP,2019,5.867,2.52,26.272,99.9,,,,,34.676,,1.23,30322872791,185679,1403496387686,1.961,30370,43820,1431642244439,2065307027780,20.909,6.846,98.0,31.691,6.2,19.978,1.429,84,50.358,1.233,117,3.2,98.187,464783,,3206846642,94.351,0.718,47134837,0.8,21.0,0.3,,96.637,27.851,103.185,1.022,118.525,505953,13.659,17.854,12,,1.021
Spain,ESP,2020,5.23,2.785,26.097,99.9,,,,,30.481,,1.19,37683095972,185722,1289783836971,-10.94,27180,39070,1287379834944,1850440806565,20.627,7.768,96.0,28.965,6.0,20.119,1.134,82,49.195,1.368,117,3.1,101.548,236854,,3063400973,94.815,0.489,47365655,0.9,21.7,0.3,,96.005,29.24,103.41,1.021,117.368,505970,13.447,17.907,,,0.792
Spain,ESP,2021,4.702,2.768,26.097,,,,,,33.757,,1.19,64626902394,185765,1461244901853,6.683,30110,43960,1427579979883,2084375983566,21.874,9.393,95.0,32.768,6.4,20.317,2.556,83,54.725,1.369,120,3.1,98.391,144385,,3949650833,94.882,0.106,47415794,0.6,20.4,0.2,,99.165,30.142,102.899,,119.115,505965,14.878,17.908,,,0.41
Spain,ESP,2022,4.776,2.31,,,,,,,39.755,,1.16,65488854829,185808,1446498147749,6.179,32000,48940,1528157907016,2337160726318,22.655,12.584,96.0,38.872,,20.931,4.712,83,62.891,1.466,124,3.0,,299779,,4285808734,95.573,0.721,47759127,,20.2,0.2,,98.492,29.807,102.446,,119.016,505978,15.502,17.924,,,1.027
Switzerland,CHE,2014,2.963,0.709,4.218,,,,7520.166,3059.937,65.337,,1.54,21003091522,12485,726537808338,2.35,88250,63350,722614146291,518723984425,25.553,26.659,94.0,54.876,7.8,24.324,-0.653,83,80.787,0.635,136,4.3,,78122,,2406168041,207.251,1.22,8188649,0.0,15.6,0.2,,96.478,17.132,102.471,,,41291,9.087,,10,,1.25
Switzerland,CHE,2015,2.76,0.626,4.223,,,,,2960.073,63.829,,1.54,118752400109,12519,694118186380,1.645,86810,65920,719021489940,546014360068,25.075,27.052,94.0,53.31,7.8,24.201,-1.265,83,78.192,0.651,136,4.3,,71876,,2516975789,209.627,1.138,8282396,0.0,14.7,0.2,,96.631,17.746,102.156,0.979,103.913,41291,9.556,,10,,1.168
Switzerland,CHE,2016,2.829,0.658,4.218,,,,,,66.818,,1.54,166801396969,12554,687895460903,2.069,83360,66960,697964613257,560671216442,25.562,27.335,94.0,56.748,7.7,24.09,-0.583,84,83.302,0.665,134,4.2,,71009,,2524093963,211.932,1.092,8373338,0.0,15.5,0.2,,94.902,17.45,101.903,0.976,104.095,41291,9.405,9.651,10,,1.121
Switzerland,CHE,2017,2.494,0.631,4.218,,71.6,,,,66.348,,1.52,143235966549,12588,695200833086,1.363,80770,67250,682669841527,568390809833,26.044,14.024,95.0,57.273,7.7,24.218,-0.368,84,81.91,0.666,131,4.1,,45658,,2591809298,213.918,0.933,8451840,0.0,14.6,0.2,,95.359,18.155,101.833,0.973,103.9,41291,10.062,9.665,10,,0.963
Switzerland,CHE,2018,2.334,0.644,4.218,,,,,,67.478,,1.52,-160387834479,12622,725568717468,2.86,82470,68130,702168450838,580121823006,25.734,13.318,95.0,56.95,7.5,24.424,0.764,84,81.354,0.653,127,4.1,,41253,,2550734395,215.5,0.737,8514329,0.0,16.0,0.2,,94.424,17.675,101.837,0.97,104.188,41291,9.691,9.665,10,,0.785
Switzerland,CHE,2019,1.992,0.648,4.218,,,,,,66.965,,1.48,8774913614,12657,721369112727,1.142,83160,71170,713128242429,610317495275,26.438,12.909,95.0,57.162,7.4,24.721,-0.104,84,82.033,0.696,127,4.0,,44517,,2549309963,217.043,0.713,8575280,0.0,15.5,0.2,,93.593,17.906,101.593,0.969,104.071,41291,9.907,9.993,10,,0.784
Switzerland,CHE,2020,1.671,0.705,4.218,,,,,,64.096,,1.46,-241498368915,12691,741999406006,-2.142,81740,70510,706059291031,609053946093,29.579,12.845,97.0,57.69,7.5,24.828,-0.699,83,82.385,0.864,127,4.0,,55523,,2824692041,218.634,0.731,8638167,0.0,14.7,0.2,,94.276,17.893,101.732,0.969,104.212,41291,9.345,11.959,,,0.82
Switzerland,CHE,2021,1.471,0.626,4.218,,,,,,71.288,,1.52,-117205528463,12726,813408787222,5.392,90810,80310,790418115545,699042281987,26.105,14.235,95.0,58.969,,25.579,1.246,84,86.582,0.776,123,4.0,,50665,,3142088777,220.315,0.766,8704546,,15.8,0.2,,95.481,18.476,101.478,,103.605,41291,10.094,12.133,,,0.875
Switzerland,CHE,2022,1.386,0.615,,,,,,,76.936,,1.39,-10988929764,12760,818426550206,2.568,95480,88900,837996563137,780283122333,24.537,29.988,96.0,63.234,,24.875,2.497,83,92.593,0.765,120,4.0,,96424,,3247920163,222.151,0.83,8777088,,,,,95.064,17.394,101.363,,103.392,41291,9.101,12.14,,,0.96
Turkiye,TUR,2014,27.56,6.557,22.894,97.4,73.5,74.94,2848.972,1574.736,25.206,413916172392,2.2,13337000000,215209,938934609297,4.94,12630,23890,975159757896,1844207238272,28.967,3.38,94.0,28.561,,28.117,7.39,77,44.481,1.872,92,14.0,93.909,1033384,3446770020,1739000000,100.284,1.349,77181884,,,,,99.079,30.31,111.936,0.981,105.976,785350,17.946,,11,23.718,2.099
Turkiye,TUR,2015,25.639,6.868,23.661,99.0,,77.137,,1657.926,24.531,399739340547,2.194,19263000000,216303,864313810469,6.084,12080,25570,944501103828,1999739155423,28.199,3.436,97.0,26.557,,27.834,7.845,77,42.184,1.813,92,13.3,100.0,1063140,2141260010,1401000000,101.631,1.334,78218479,,,,,98.83,30.384,107.294,0.98,107.243,785350,18.181,,11,25.212,2.062
Turkiye,TUR,2016,24.226,6.142,26.26,,,80.051,,,23.084,399311907395,2.177,13835000000,216303,869682881593,3.323,11340,26410,898805271855,2094055569388,28.02,3.038,98.0,25.245,,28.083,8.13,77,40.41,2.05,93,12.7,104.05,352063,3609090088,1201000000,103.008,1.345,79277962,,,,,134.546,30.791,105.283,0.982,108.548,785350,18.266,0.191,10,36.16,2.053
Turkiye,TUR,2017,22.332,6.039,25.898,98.0,,80.292,,,26.039,447424576718,2.14,11190000000,217525,858988492854,7.502,11090,27840,890532467321,2235991199656,30.694,3.233,96.0,29.723,5.4,29.132,10.982,77,46.94,2.05,95,12.0,98.608,659846,3159280029,1056000000,104.352,1.297,80312698,0.3,,,,92.596,29.481,97.492,0.964,112.977,785350,17.718,0.191,10,37.188,1.982
Turkiye,TUR,2018,19.835,5.792,26.913,99.2,69.8,82.214,,,31.233,426808135352,2.054,12450000000,219084,778972108041,3.013,10650,27900,867126630316,2271020854889,29.458,2.674,96.0,31.382,5.4,29.439,16.512,78,52.418,2.524,97,11.5,94.972,187570,1195930054,1147000000,105.774,1.354,81407204,0.4,,,1.5,91.036,30.292,100.931,0.98,112.115,785350,17.27,0.191,7,33.322,2.02
Turkiye,TUR,2019,17.535,6.402,27.449,97.0,,82.811,,,33.074,414870032427,1.967,9507000000,220644,761005915751,0.819,9800,28020,809412442966,2313728846976,24.878,3.028,97.0,30.119,5.2,27.332,13.868,78,51.403,2.694,97,11.0,94.734,-15690,700299988,856000000,107.298,1.43,82579440,0.5,,,,96.626,29.173,103.963,0.97,111.91,785350,16.524,0.191,7,33.049,2.076
Turkiye,TUR,2020,15.334,6.67,27.972,,,98.346,,,29.121,429769826587,1.917,7675000000,222204,720338490327,1.86,9160,28340,763830567894,2362957680943,31.341,3.153,95.0,32.223,5.3,28.026,14.789,76,54.024,2.432,98,10.5,99.613,37934,542299988,816000000,108.344,0.97,83384680,0.5,,,,100.577,29.635,103.296,0.977,112.527,785350,17.664,0.191,,40.364,1.596
Turkiye,TUR,2021,13.63,5.534,25.727,,,94.516,,,35.744,436370123073,1.889,12895000000,223764,819865223976,11.439,10010,31230,841959114570,2627527350368,31.404,3.284,96.0,35.339,5.2,31.133,28.973,76,60.576,1.899,102,10.1,88.636,20283,1059540039,726000000,109.335,0.91,84147318,0.4,14.4,,,103.436,29.872,102.596,,114.147,785350,17.864,5.672,,24.788,1.518
Turkiye,TUR,2022,12.203,6.477,,,,73.872,,,38.584,457917129054,1.882,13666000000,225324,907118434654,5.533,10640,37980,903983154108,3227873329154,35.04,3.664,95.0,42.586,,31.294,96.036,78,68.115,1.233,106,9.6,,-301544,800270020,696000000,110.417,0.985,84979913,,,,,101.501,25.759,102.488,,116.04,785350,16.092,5.672,,19.543,1.574
United Kingdom,GBR,2014,15.803,0.745,5.024,,,,5130.39,2777.311,28.576,,1.81,58890445253,31358,3064708247921,3.195,44580,40540,2879913250642,2619024574626,17.718,22.204,93.0,30.519,7.7,18.229,1.319,81,39.316,2.184,121,4.5,99.83,306091,,4937268135,267.029,0.736,64602298,0.2,,,,,32.883,99.975,1.022,128.755,243610,24.881,,6,,1.056
United Kingdom,GBR,2015,14.712,0.631,5.628,,,,,2764.517,27.846,,1.8,45333483122,31550,2927911140917,2.223,44380,41570,2890109141076,2706922667067,17.869,22.334,93.0,29.358,7.6,18.094,0.658,81,37.428,2.044,122,4.5,100.0,347839,,5003393486,269.153,0.792,65116219,0.2,,,,98.859,33.102,100.158,1.016,126.095,243610,25.067,,4,,1.109
United Kingdom,GBR,2016,13.952,0.579,5.806,,,,,,28.902,,1.79,324813224213,31590,2689106566900,1.922,42960,43050,2818569770571,2824431493909,17.935,23.559,92.0,30.798,7.6,17.594,1.964,81,38.957,1.977,120,4.4,89.761,324649,,4582283767,271.201,0.758,65611593,0.2,17.0,,,98.502,33.604,100.32,,,243610,25.455,22.262,4,,1.072
United Kingdom,GBR,2017,12.978,0.594,5.806,,,,,,30.89,,1.74,125358809934,31640,2680148052335,2.657,41660,45550,2752314531352,3009161540810,18.483,22.619,92.0,32.231,7.6,17.805,1.855,81,40.371,1.948,120,4.4,91.756,272311,,4308885980,273.049,0.679,66058859,0.2,18.6,,,98.431,33.996,100.695,1.015,125.731,243610,25.597,28.825,4,,0.989
United Kingdom,GBR,2018,12.068,0.571,5.806,,,,,,31.58,,1.68,-25055440307,31730,2871340347582,1.405,42020,46450,2792635759521,3087113247658,18.181,22.333,92.0,32.963,7.4,17.9,1.921,81,40.361,1.94,119,4.4,96.517,259744,,4389713567,274.709,0.606,66460344,0.5,,,,98.475,33.961,101.22,1.013,120.19,243610,25.547,28.825,4,,0.912
United Kingdom,GBR,2019,11.064,0.605,5.806,,,,,,31.635,,1.63,19790761929,31820,2851407164908,1.624,43240,49860,2889761722342,3332512524919,18.379,23.094,91.0,33.03,7.5,17.759,2.133,81,40.55,1.981,121,4.3,86.961,232727,,4214814558,276.263,0.564,66836327,0.5,,,,100.145,33.533,101.788,1.011,117.233,243610,25.111,29.048,4,,0.868
United Kingdom,GBR,2020,9.701,0.671,5.806,,,,,,29.67,,1.56,157185559300,31900,2696778386608,-10.297,38770,46980,2600923387090,3151686596903,17.581,23.007,91.0,29.111,7.7,17.411,4.97,80,38.482,2.157,118,4.3,83.229,144221,,3248094194,277.275,0.366,67081234,0.5,,,,99.526,33.737,102.096,1.012,114.652,243610,24.785,40.287,,,0.665
United Kingdom,GBR,2021,8.578,0.708,5.806,,,,,,29.18,,1.56,5055966701,31987,3143323050707,8.576,45510,53130,3050044795884,3561212970774,18.027,23.865,91.0,29.404,7.7,16.734,0.067,81,37.067,2.162,119,4.2,95.186,462967,,3461501741,277.048,-0.082,67026292,0.2,,,,99.447,35.104,102.038,,113.684,243610,26.415,40.287,,,0.214
United Kingdom,GBR,2022,8.379,0.66,,,,,,,33.567,,1.57,44897919401,32069,3114042471144,4.839,48520,57040,3289389855216,3866883376122,17.938,27.16,90.0,35.313,,17.242,5.444,82,43.562,2.227,121,4.1,,487029,,3965082581,280.209,1.134,67791000,,,,,100.087,36.681,102.406,,113.228,243610,27.173,39.933,,,1.426
United States,USA,2014,24.192,1.168,15.588,98.5,72.7,231.851,12993.966,6960.684,13.508,,1.862,251856000000,3098200,17608138000000,2.524,55670,56490,17725038819059,17984237000000,20.901,20.484,92.0,16.398,5.3,19.268,1.742,79,22.905,3.691,100,6.9,95.87,1672598,,6503000000,34.806,0.733,318386329,1.2,,0.4,0.7,,18.859,99.673,1.004,96.925,9831510,10.9,,6,,0.959
United States,USA,2015,22.031,1.029,15.77,99.1,,230.215,,6803.997,12.411,,1.844,511434000000,3100950,18295019000000,2.946,56510,58020,18124085517102,18608138000000,21.415,21.39,92.0,15.277,5.4,18.497,0.928,79,20.868,3.481,102,6.8,100.0,1722127,,6578000000,35.063,0.736,320738994,1.2,,0.4,,,18.995,100.3,1.005,97.653,9831510,11.183,,6,,0.967
United States,USA,2016,20.08,0.937,15.77,99.1,75.9,235.358,,,11.888,,1.82,474388000000,3100950,18804913000000,1.819,57060,58760,18433936457653,18983369000000,20.888,22.419,92.0,14.564,5.3,17.937,0.95,79,19.682,3.423,103,6.7,100.083,1889129,,6330000000,35.318,0.725,323071755,1.0,,0.4,1.4,,18.541,101.363,0.996,98.77,9831510,10.855,26.326,6,,0.958
United States,USA,2017,18.491,0.94,15.77,99.1,,244.295,,,12.177,,1.766,380823000000,3097950,19612102000000,2.458,59130,61010,19224810445224,19837150000000,21.156,19.266,91.0,14.948,5.3,18.309,1.791,79,20.165,3.321,103,6.6,99.594,1864738,,6347000000,35.542,0.633,325122128,1.2,,0.4,,98.832,19.21,101.821,0.994,98.952,9831510,11.504,26.328,6,,0.872
United States,USA,2018,17.164,0.898,15.77,99.1,73.9,231.897,,,12.287,,1.73,214715000000,3097950,20656516000000,2.967,63360,63900,20709154892243,20883383000000,21.569,18.484,92.0,15.158,5.3,18.52,2.291,79,20.711,3.324,105,6.5,99.843,1764961,,6941000000,35.73,0.526,326838199,1.0,,0.4,0.4,100.093,17.479,101.257,0.995,99.276,9831510,9.93,26.328,6,,0.767
United States,USA,2019,16.202,0.833,15.77,99.0,,245.999,,,11.789,,1.706,315984000000,3097950,21539982000000,2.584,66220,66290,21742145001994,21764838000000,21.67,18.685,90.0,14.469,5.2,18.145,1.65,79,19.548,3.435,106,6.5,100.319,1774500,,7049000000,35.893,0.455,328329953,1.0,,0.4,,100.489,17.291,100.981,0.995,100.063,9831510,9.886,26.328,4,,0.702
United States,USA,2020,14.719,0.936,15.77,99.1,,281.06,,,10.074,,1.642,137066000000,3097950,21354105000000,-2.163,64620,64720,21424785397695,21458070000000,21.419,19.494,91.0,13.006,5.7,17.268,1.329,77,17.944,3.696,105,6.4,100.0,329769,,6827000000,36.243,0.969,331526933,0.2,,0.4,,100.924,17.746,100.306,0.987,100.51,9831510,10.196,23.946,,,1.217
United States,USA,2021,13.724,0.945,15.77,,,291.727,,,10.791,,1.664,475805000000,3097950,23681171000000,6.055,71500,71770,23741354208063,23832230000000,21.333,19.901,92.0,14.423,6.1,17.608,4.566,76,19.803,3.458,107,6.3,104.655,674787,,7093000000,36.3,0.157,332048977,0.2,,0.4,,101.091,18.66,98.305,,101.192,9831510,11.259,15.883,,,0.41
United States,USA,2022,13.628,,,,,247.268,,,11.602,,1.665,408982000000,3097950,26006893000000,2.512,77460,78710,25815185488310,26231750000000,21.95,20.579,92.0,15.289,5.2,,7.129,77,20.906,3.455,110,6.3,,1319009,,7407000000,36.433,0.367,333271411,1.2,,,,95.744,19.368,96.972,,97.473,9831510,12.055,15.883,,,0.622
